{
    "name": "TokenHotbar",
    "title": "Token Hotbar",
    "description": "<p>With Token Hotbar you can assign one of the hotbar pages to remember macros per token and/or actor. If the token is a linked token, the hotbar will be linked to the actor by default.</p><br><h4>Updates</h4><p> 🎲 Added user setting to show debug message in console.<br> 🐛 Token Hotbars sometimes disappear due to race conditions.<br> 🐛 Switching tokens with hotbars flickers last active bar.<br> 🐛 Selecting multiple tokens shows token hotbar of one of the tokens. <br> ⚡ Slight performance improvements.</p>",
    "author": "Stan Janssen",
    "version": "2.1.3.0-beta",
    "minimumCoreVersion": "0.6.0",
    "compatibleCoreVersion":"0.6.2",
    "scripts": ["TokenHotbar.js"],
    "packs": [],
    "manifest": "https://raw.githubusercontent.com/janssen-io/foundry-token-hotbar/v2-fixes/module.json",
    "download": "https://raw.githubusercontent.com/janssen-io/foundry-token-hotbar/v2-fixes/dist/TokenHotbar.zip",
    "url": "https://github.com/janssen-io/foundry-token-hotbar"
}
