{   
    "name": "TokenHotbar",   
    "title": "Token Hotbar",   
    "description": "Using this module, you can assign one of the hotbar pages to remember macros per token.",   
    "author": "Stan Janssen",
    "version": "1.1.0",
    "minimumCoreVersion": "0.6.0",
    "compatibleCoreVersion":"0.6.2",
    "scripts": ["token-hotbar.js"],
    "packs": [],
    "manifest": "https://raw.githubusercontent.com/janssen-io/foundry-token-hotbar/master/module.json",
    "download": "https://raw.githubusercontent.com/janssen-io/foundry-token-hotbar/master/dist/TokenHotbar.zip"
  }
